Comment,Designator,Footprint,LCSC Part #
100nF,"C1,C2,C6,C7,C8,C9,C10,C11,C12",C_0603_1608Metric,C14663
10uF,"C13,C14,C15,C16",C_0805_2012Metric,C15850
1uF,"C17,C18",C_0603_1608Metric,C15849
BAV99,D1,SOT-23,C2500
1N4148W,"D2,D3",D_SOD-123,C81598
BC817-40,"Q1,Q3",SOT-23,C52801
BSS84PXUMA1,Q2,SOT-23,C152212
10M,R1,R_0603_1608Metric,C7250
100k,"R2,R3",R_0603_1608Metric,C25803
4k7,"R5,R10,R11",R_0603_1608Metric,C23162
10k,"R6,R7,R9,R17",R_0603_1608Metric,C25804
1k,"R8,R18",R_0603_1608Metric,C21190
100R,"R19,R20",R_1206_3216Metric,C17901
ADS1115IDGSR,U2,MSOP-10_3x3mm_P0.5mm,C37593
AD8603AUJZ,U4,TSOT-23-5,C14937
AP2112K-3.3TRG1,U5,SOT-23-5,C51118
VEML7700-TT,U6,VEML7700_TT,C1850416
