Designator,Mid X,Mid Y,Layer,Rotation
C1,64.0000mm,-98.5000mm,Top,90
C2,65.0000mm,-94.0000mm,Top,90
C6,52.5000mm,-112.0000mm,Top,90
C7,58.5000mm,-74.0000mm,Top,90
C8,60.0000mm,-57.8000mm,Top,90
C9,61.5000mm,-68.5000mm,Top,0
C10,93.5000mm,-45.0000mm,Top,90
C11,48.0000mm,-57.8000mm,Top,90
C12,52.0000mm,-68.3000mm,Top,90
C13,44.0000mm,-57.8000mm,Top,90
C14,52.0000mm,-57.8000mm,Top,90
C15,44.0000mm,-68.3000mm,Top,90
C16,62.5000mm,-74.0000mm,Top,90
C17,56.0000mm,-57.8000mm,Top,90
C18,48.0000mm,-68.3000mm,Top,90
D1,59.0000mm,-91.5000mm,Top,0
D2,103.5000mm,-44.0000mm,Top,0
D3,103.5000mm,-102.3000mm,Top,0
Q1,98.0000mm,-44.0000mm,Top,0
Q2,101.0000mm,-118.0000mm,Top,0
Q3,98.0000mm,-102.0000mm,Top,0
R1,59.0000mm,-87.0000mm,Top,0
R2,57.0000mm,-97.0000mm,Top,90
R3,60.5000mm,-97.0000mm,Top,90
R5,70.0000mm,-120.5000mm,Top,0
R6,83.5000mm,-120.5000mm,Top,0
R7,49.0000mm,-112.0000mm,Top,90
R8,98.0000mm,-48.5000mm,Top,0
R9,95.0000mm,-120.5000mm,Top,0
R10,63.0000mm,-45.0000mm,Top,90
R11,66.0000mm,-45.0000mm,Top,90
R17,101.0000mm,-114.0000mm,Top,0
R18,98.0000mm,-106.0000mm,Top,0
R19,106.0000mm,-64.0000mm,Top,90
R20,106.0000mm,-84.0000mm,Top,270
U2,52.0000mm,-74.0000mm,Top,0
U4,64.5000mm,-89.0000mm,Top,0
U5,52.0000mm,-63.0000mm,Top,0
U6,61.5000mm,-65.4000mm,Top,0
